#timestamp, p_RS_R_x [m], p_RS_R_y [m], p_RS_R_z [m], q_RS_w [], q_RS_x [], q_RS_y [], q_RS_z []
1763579366520386816,0.074828,0.728701,2.067188,-0.663070,0.712463,-0.174664,0.149090
1763579368070759424,-0.115579,0.237771,1.591163,-0.754604,0.648470,-0.061181,0.079469
1763579368370498048,-0.137617,0.141580,1.538379,-0.749523,0.661367,-0.017250,0.022620
1763579369420495872,-0.089655,-0.135665,1.292077,0.767341,-0.634965,-0.032243,0.083477
1763579369470628608,-0.087256,-0.145150,1.280967,0.766869,-0.635523,-0.035997,0.082018
1763579369971235072,-0.065135,-0.240844,1.160601,0.768125,-0.620467,-0.080550,0.136074
1763579370271299584,-0.044050,-0.323697,1.106096,0.760582,-0.609421,-0.121243,0.188207
1763579371071388416,-0.014214,-0.472793,0.967720,0.769515,-0.580443,-0.140365,0.226341
1763579373422606592,-0.086550,-0.648821,1.043131,0.554299,-0.753202,-0.270732,0.228352
1763579377673114880,-0.162727,-0.469727,1.900506,0.604320,-0.785252,-0.045584,0.126879
1763579378723117568,-0.185401,-0.040758,1.810896,0.588191,-0.808011,-0.001491,0.033891
1763579379021804032,-0.162747,0.025574,1.803717,0.593723,-0.802686,0.052354,0.021150
1763579379121769984,-0.155947,0.053883,1.807797,0.591609,-0.803110,0.069972,0.010804
1763579379520168192,-0.141304,0.256881,1.835208,-0.575509,0.808394,-0.119807,0.030559
1763579387620662784,-0.110216,0.254874,2.211331,0.862497,-0.492930,0.110778,0.029115
1763579387920120832,-0.112183,0.128995,2.243084,0.852535,-0.506681,0.108076,0.069129
1763579388470414848,-0.145137,-0.046453,2.236441,0.858225,-0.500744,0.058404,0.096406
1763579389020465664,-0.210264,-0.114684,2.192695,0.833828,-0.549494,0.008969,0.052035
1763579389070296064,-0.215634,-0.121973,2.188439,0.830089,-0.555268,0.001665,0.051253
1763579389370530560,-0.259965,-0.183740,2.167858,0.811211,-0.580560,-0.052239,0.046457
1763579395274195968,-0.138857,-1.197123,1.544288,0.659610,-0.671583,-0.172253,0.290206
1763579397122603520,-0.057948,-0.432737,1.102854,0.632573,-0.755807,-0.067815,0.154950
1763579397373336320,-0.058892,-0.359569,1.048197,0.640272,-0.750503,-0.024569,0.161843
1763579397823220480,-0.104381,-0.258836,0.972314,0.672476,-0.718326,0.008301,0.178086
1763579397922885632,-0.126404,-0.237073,0.958544,0.678520,-0.712748,0.010884,0.177432
1763579398623459328,-0.260013,-0.059354,0.933380,0.690887,-0.710459,0.077191,0.109386
1763579398723542528,-0.281868,-0.031288,0.936487,0.694655,-0.707127,0.096413,0.090170
1763579398822225664,-0.296359,-0.000942,0.936619,0.694005,-0.707989,0.103356,0.080155
1763579398923149568,-0.298689,0.031204,0.933047,0.695007,-0.706461,0.106114,0.081345
1763579399023665920,-0.297882,0.056336,0.924926,0.697576,-0.702224,0.113515,0.085932
1763579399073176832,-0.298175,0.065697,0.919483,0.696301,-0.703007,0.115749,0.086883
1763579399122724864,-0.298742,0.073325,0.913116,0.694310,-0.705029,0.115599,0.086625
1763579399222874112,-0.299716,0.086120,0.899043,0.691392,-0.708612,0.113146,0.083923
1763579399372942848,-0.298921,0.100644,0.884601,0.691817,-0.709170,0.112068,0.076858
1763579399423163392,-0.298076,0.105275,0.882431,0.695350,-0.705901,0.114054,0.071992
1763579399523037184,-0.298108,0.116812,0.881667,0.698888,-0.703405,0.114791,0.059997
1763579399573027072,-0.297097,0.123284,0.883878,0.699964,-0.702448,0.118140,0.051571
1763579399622908160,-0.295841,0.131208,0.887207,0.700295,-0.701497,0.125208,0.042549
1763579399672865536,-0.294048,0.140179,0.891536,0.700114,-0.700423,0.134630,0.033502
1763579399723132928,-0.292440,0.149797,0.896899,0.697308,-0.701384,0.145511,0.025464
1763579399773246208,-0.289237,0.161039,0.904378,0.693405,-0.703268,0.155849,0.017776
1763579399823294464,-0.285530,0.173599,0.911514,0.692670,-0.701835,0.165928,0.010193
1763579399873100288,-0.281356,0.186910,0.917998,0.693682,-0.698922,0.174073,0.003278
1763579399922805248,-0.277642,0.200339,0.923617,-0.693677,0.697291,-0.180526,0.002916
1763579399972898048,-0.274831,0.212865,0.929394,-0.691583,0.697834,-0.186204,0.008262
1763579400022946048,-0.271700,0.225377,0.935620,-0.687984,0.699981,-0.191147,0.012944
1763579400072872704,-0.268335,0.238194,0.941812,-0.686039,0.700600,-0.195608,0.015739
1763579400223305728,-0.256596,0.273840,0.964250,-0.683760,0.698226,-0.211482,0.015095
1763579400474067968,-0.246241,0.328309,1.012772,-0.681705,0.698045,-0.218878,0.010232
1763579400573373184,-0.242603,0.350863,1.034923,-0.680982,0.698204,-0.220761,0.006228
1763579401073360384,-0.265803,0.484569,1.132430,-0.668975,0.702432,-0.238066,0.048854
1763579401823464192,-0.279906,0.626184,1.283812,-0.676419,0.692727,-0.245268,0.049298
1763579402123271168,-0.293866,0.667473,1.350672,-0.707768,0.653181,-0.254939,0.086165
1763579402223189248,-0.303825,0.683436,1.367371,-0.716961,0.640328,-0.257001,0.099486
1763579402722946304,-0.311970,0.767720,1.437251,-0.774529,0.564456,-0.261424,0.114681
1763579403523202048,-0.374674,0.815873,1.624678,-0.773356,0.573353,-0.238660,0.127391
1763579410071093760,0.066539,0.780475,2.723066,0.692742,-0.710161,0.124820,0.014136
1763579410570402560,0.113267,0.784343,2.783430,0.702307,-0.695139,0.149293,0.035470
1763579411220084736,0.129751,0.766386,2.778588,0.703689,-0.697818,0.130009,0.031132
1763579421122610176,0.438002,-1.051462,1.833103,0.593000,-0.749242,-0.255058,0.148097
1763579422273147904,0.446551,-0.857312,1.410294,0.578209,-0.769352,-0.238007,0.130863
1763579422823047424,0.421567,-0.643689,1.272622,0.581280,-0.743093,-0.274252,0.186312
1763579422873030144,0.421805,-0.633601,1.262254,0.586323,-0.741163,-0.266078,0.190014
1763579423023355904,0.419174,-0.614587,1.229979,0.582924,-0.751037,-0.247153,0.187240
1763579423422794496,0.443061,-0.585067,1.123653,0.587072,-0.756415,-0.235753,0.166144
1763579423472736000,0.447555,-0.580817,1.110249,0.586740,-0.755471,-0.237893,0.168543
1763579423523112448,0.450552,-0.576779,1.097689,0.585501,-0.755312,-0.240605,0.169708
1763579423573353216,0.453371,-0.573232,1.086115,0.584493,-0.755253,-0.243099,0.169893
1763579423623375360,0.455071,-0.570700,1.075372,0.584120,-0.754987,-0.245890,0.168336
1763579423673335296,0.454718,-0.568201,1.066335,0.581086,-0.756630,-0.251214,0.163529
1763579423722993920,0.452687,-0.565290,1.059129,0.576178,-0.759113,-0.260069,0.155339
1763579423922922496,0.449873,-0.552974,1.042292,0.568892,-0.757445,-0.285573,0.145211
1763579424223022336,0.449015,-0.565228,1.056020,0.565369,-0.772232,-0.266568,0.113826
1763579424423293696,0.442598,-0.570795,1.086940,0.589153,-0.762686,-0.250384,0.092290
1763579425972820224,0.479935,-0.494575,1.213488,0.813632,-0.548262,-0.183142,0.062211
1763579426223428864,0.487582,-0.485482,1.198487,0.828143,-0.526350,-0.182097,0.063049
1763579426572638208,0.498591,-0.447159,1.200151,0.840749,-0.513275,-0.156906,0.071201
1763579426923109888,0.476417,-0.315286,1.230636,0.822038,-0.544233,-0.160464,0.048107
1763579427422720256,0.463441,-0.065053,1.293260,-0.806386,0.574407,0.140378,0.009578
1763579427472862208,0.464251,-0.039665,1.294112,-0.806806,0.574588,0.136849,0.013569
1763579428972103424,0.488071,0.604365,1.241094,-0.761384,0.622322,0.006593,0.181567
1763579429272300544,0.488205,0.665215,1.189934,-0.728796,0.656431,-0.018344,0.193955
1763579429471620352,0.493535,0.715312,1.165563,-0.718956,0.659126,-0.031749,0.218285
1763579430071694848,0.481463,0.892208,1.079049,-0.648874,0.728061,-0.049697,0.215454
1763579430121725440,0.478750,0.901082,1.076036,-0.643210,0.733736,-0.051685,0.212699
1763579430171783680,0.474840,0.909030,1.074204,-0.635458,0.740999,-0.053911,0.210258
1763579430471669504,0.430207,0.914565,1.095016,-0.581845,0.777606,-0.070661,0.227579
1763579430572023296,0.415284,0.908608,1.106731,-0.567874,0.785764,-0.077673,0.232511
1763579432071749632,0.288503,0.807861,1.223688,-0.602658,0.750291,-0.089094,0.256767
1763579432171801600,0.282402,0.799050,1.226301,-0.605028,0.753401,-0.079681,0.244906
1763579432271877632,0.273193,0.786881,1.232092,-0.608298,0.754061,-0.071365,0.237219
1763579432322004480,0.268283,0.780019,1.236385,-0.610409,0.753362,-0.067723,0.235074
1763579432521658880,0.247061,0.757301,1.263562,-0.614414,0.750751,-0.062220,0.234515
1763579433372129792,0.252073,0.787695,1.539498,-0.660032,0.732450,-0.046430,0.160371
1763579433521725440,0.260905,0.759403,1.594295,-0.676727,0.721989,-0.052856,0.134086
1763579433571728384,0.259420,0.748975,1.609995,-0.684166,0.716808,-0.048699,0.125422
